{"playerCards":[{"etbEffect":"NONE","cost":6,"imageID":29,"name":"Minion","power":4,"id":334065296,"toughness":1,"deathEffect":"Gain_Life","type":"class Interface.Cards.CreatureCard"},{"etbEffect":"Taunt","cost":7,"imageID":14,"name":"Minion","power":2,"id":341261563,"toughness":2,"deathEffect":"NONE","type":"class Interface.Cards.CreatureCard"},{"cost":3,"imageID":666,"effect":DEAL_DAMAGE,"name":"Spell","id":1932753270,"type":"class Interface.Cards.SpellCard"},{"cost":6,"imageID":999,"effect":DRAW_CARD,"name":"Spell","id":9505659,"type":"class Interface.Cards.SpellCard"},{"etbEffect":"NONE","cost":7,"imageID":38,"name":"Minion","power":4,"id":702568426,"toughness":3,"deathEffect":"Gain_Life","type":"class Interface.Cards.CreatureCard"},{"cost":3,"imageID":666,"effect":DEAL_DAMAGE,"name":"Spell","id":244209282,"type":"class Interface.Cards.SpellCard"},{"etbEffect":"Buff_Power","cost":5,"imageID":4,"name":"Minion","power":7,"id":1917931670,"toughness":7,"deathEffect":"NONE","type":"class Interface.Cards.CreatureCard"},{"cost":7,"imageID":999,"effect":DRAW_CARD,"name":"Spell","id":461662800,"type":"class Interface.Cards.SpellCard"},{"etbEffect":"Buff_Power","cost":4,"imageID":12,"name":"Minion","power":2,"id":1507839730,"toughness":5,"deathEffect":"Gain_Life","type":"class Interface.Cards.CreatureCard"},{"etbEffect":"NONE","cost":5,"imageID":27,"name":"Minion","power":1,"id":1334084149,"toughness":5,"deathEffect":"Gain_Life","type":"class Interface.Cards.CreatureCard"},{"etbEffect":"Taunt","cost":7,"imageID":16,"name":"Minion","power":5,"id":2012719060,"toughness":6,"deathEffect":"Gain_Life","type":"class Interface.Cards.CreatureCard"},{"etbEffect":"Taunt","cost":5,"imageID":28,"name":"Minion","power":2,"id":838026907,"toughness":3,"deathEffect":"NONE","type":"class Interface.Cards.CreatureCard"},{"etbEffect":"Taunt","cost":1,"imageID":27,"name":"Minion","power":2,"id":47631645,"toughness":3,"deathEffect":"NONE","type":"class Interface.Cards.CreatureCard"},{"cost":7,"imageID":666,"effect":DEAL_DAMAGE,"name":"Spell","id":1166760830,"type":"class Interface.Cards.SpellCard"},{"cost":5,"imageID":666,"effect":DEAL_DAMAGE,"name":"Spell","id":62228645,"type":"class Interface.Cards.SpellCard"},{"etbEffect":"NONE","cost":3,"imageID":21,"name":"Minion","power":2,"id":1885135437,"toughness":4,"deathEffect":"NONE","type":"class Interface.Cards.CreatureCard"},{"cost":7,"imageID":999,"effect":DRAW_CARD,"name":"Spell","id":115793120,"type":"class Interface.Cards.SpellCard"},{"cost":4,"imageID":666,"effect":DEAL_DAMAGE,"name":"Spell","id":1027871425,"type":"class Interface.Cards.SpellCard"},{"etbEffect":"Buff_Power","cost":2,"imageID":22,"name":"Minion","power":4,"id":527077921,"toughness":7,"deathEffect":"Gain_Life","type":"class Interface.Cards.CreatureCard"},{"etbEffect":"Taunt","cost":1,"imageID":44,"name":"Minion","power":7,"id":1968184467,"toughness":1,"deathEffect":"Gain_Life","type":"class Interface.Cards.CreatureCard"},{"etbEffect":"NONE","cost":5,"imageID":38,"name":"Minion","power":1,"id":1847349201,"toughness":5,"deathEffect":"NONE","type":"class Interface.Cards.CreatureCard"},{"etbEffect":"NONE","cost":7,"imageID":28,"name":"Minion","power":7,"id":1666354904,"toughness":1,"deathEffect":"NONE","type":"class Interface.Cards.CreatureCard"},{"etbEffect":"NONE","cost":2,"imageID":8,"name":"Minion","power":3,"id":1271469274,"toughness":3,"deathEffect":"Gain_Life","type":"class Interface.Cards.CreatureCard"},{"etbEffect":"Taunt","cost":6,"imageID":45,"name":"Minion","power":3,"id":2032621085,"toughness":3,"deathEffect":"NONE","type":"class Interface.Cards.CreatureCard"},{"cost":2,"imageID":666,"effect":DEAL_DAMAGE,"name":"Spell","id":174782501,"type":"class Interface.Cards.SpellCard"},{"etbEffect":"Taunt","cost":3,"imageID":36,"name":"Minion","power":6,"id":2083851958,"toughness":4,"deathEffect":"NONE","type":"class Interface.Cards.CreatureCard"},{"etbEffect":"NONE","cost":3,"imageID":12,"name":"Minion","power":7,"id":562252937,"toughness":6,"deathEffect":"NONE","type":"class Interface.Cards.CreatureCard"},{"etbEffect":"Taunt","cost":3,"imageID":23,"name":"Minion","power":3,"id":905475571,"toughness":3,"deathEffect":"Gain_Life","type":"class Interface.Cards.CreatureCard"},{"etbEffect":"Taunt","cost":7,"imageID":21,"name":"Minion","power":1,"id":850237604,"toughness":2,"deathEffect":"NONE","type":"class Interface.Cards.CreatureCard"},{"cost":2,"imageID":666,"effect":DEAL_DAMAGE,"name":"Spell","id":1201714411,"type":"class Interface.Cards.SpellCard"},{"cost":1,"imageID":666,"effect":DEAL_DAMAGE,"name":"Spell","id":1054123167,"type":"class Interface.Cards.SpellCard"},{"etbEffect":"Buff_Power","cost":7,"imageID":44,"name":"Minion","power":2,"id":1571697424,"toughness":2,"deathEffect":"Gain_Life","type":"class Interface.Cards.CreatureCard"},{"cost":1,"imageID":999,"effect":DRAW_CARD,"name":"Spell","id":1338603935,"type":"class Interface.Cards.SpellCard"},{"cost":3,"imageID":666,"effect":DEAL_DAMAGE,"name":"Spell","id":26356794,"type":"class Interface.Cards.SpellCard"},{"cost":1,"imageID":666,"effect":DEAL_DAMAGE,"name":"Spell","id":1351969311,"type":"class Interface.Cards.SpellCard"},{"cost":3,"imageID":999,"effect":DRAW_CARD,"name":"Spell","id":1858023081,"type":"class Interface.Cards.SpellCard"},{"cost":5,"imageID":999,"effect":DRAW_CARD,"name":"Spell","id":1087112269,"type":"class Interface.Cards.SpellCard"},{"etbEffect":"Taunt","cost":4,"imageID":15,"name":"Minion","power":3,"id":1553383718,"toughness":7,"deathEffect":"NONE","type":"class Interface.Cards.CreatureCard"},{"etbEffect":"Buff_Power","cost":4,"imageID":14,"name":"Minion","power":3,"id":1438493067,"toughness":1,"deathEffect":"NONE","type":"class Interface.Cards.CreatureCard"},{"etbEffect":"NONE","cost":1,"imageID":31,"name":"Minion","power":2,"id":2128006171,"toughness":4,"deathEffect":"Gain_Life","type":"class Interface.Cards.CreatureCard"},{"etbEffect":"Buff_Power","cost":1,"imageID":2,"name":"Minion","power":2,"id":7585774,"toughness":6,"deathEffect":"Gain_Life","type":"class Interface.Cards.CreatureCard"},{"etbEffect":"Buff_Power","cost":4,"imageID":23,"name":"Minion","power":3,"id":346339259,"toughness":5,"deathEffect":"NONE","type":"class Interface.Cards.CreatureCard"},{"etbEffect":"NONE","cost":4,"imageID":34,"name":"Minion","power":1,"id":2094267027,"toughness":4,"deathEffect":"NONE","type":"class Interface.Cards.CreatureCard"},{"etbEffect":"Buff_Power","cost":3,"imageID":22,"name":"Minion","power":6,"id":1552869569,"toughness":4,"deathEffect":"Gain_Life","type":"class Interface.Cards.CreatureCard"},{"etbEffect":"Taunt","cost":1,"imageID":29,"name":"Minion","power":2,"id":2054280486,"toughness":7,"deathEffect":"NONE","type":"class Interface.Cards.CreatureCard"},{"cost":5,"imageID":666,"effect":DEAL_DAMAGE,"name":"Spell","id":714153358,"type":"class Interface.Cards.SpellCard"},{"etbEffect":"Taunt","cost":1,"imageID":22,"name":"Minion","power":6,"id":563485078,"toughness":7,"deathEffect":"NONE","type":"class Interface.Cards.CreatureCard"},{"etbEffect":"Taunt","cost":5,"imageID":4,"name":"Minion","power":1,"id":1667384483,"toughness":7,"deathEffect":"Gain_Life","type":"class Interface.Cards.CreatureCard"},{"etbEffect":"Buff_Power","cost":1,"imageID":41,"name":"Minion","power":4,"id":361154041,"toughness":5,"deathEffect":"NONE","type":"class Interface.Cards.CreatureCard"},{"etbEffect":"Buff_Power","cost":4,"imageID":18,"name":"Minion","power":1,"id":1867948241,"toughness":2,"deathEffect":"Gain_Life","type":"class Interface.Cards.CreatureCard"},{"etbEffect":"Taunt","cost":3,"imageID":38,"name":"Minion","power":3,"id":1001977585,"toughness":5,"deathEffect":"NONE","type":"class Interface.Cards.CreatureCard"},{"etbEffect":"NONE","cost":3,"imageID":24,"name":"Minion","power":6,"id":1001012263,"toughness":3,"deathEffect":"NONE","type":"class Interface.Cards.CreatureCard"},{"cost":2,"imageID":666,"effect":DEAL_DAMAGE,"name":"Spell","id":1086559889,"type":"class Interface.Cards.SpellCard"},{"cost":3,"imageID":999,"effect":DRAW_CARD,"name":"Spell","id":844735131,"type":"class Interface.Cards.SpellCard"},{"etbEffect":"Buff_Power","cost":4,"imageID":28,"name":"Minion","power":5,"id":970896302,"toughness":2,"deathEffect":"Gain_Life","type":"class Interface.Cards.CreatureCard"},{"etbEffect":"Buff_Power","cost":6,"imageID":26,"name":"Minion","power":4,"id":1681993051,"toughness":7,"deathEffect":"NONE","type":"class Interface.Cards.CreatureCard"},{"etbEffect":"NONE","cost":5,"imageID":2,"name":"Minion","power":2,"id":655588497,"toughness":5,"deathEffect":"Gain_Life","type":"class Interface.Cards.CreatureCard"},{"etbEffect":"Taunt","cost":3,"imageID":42,"name":"Minion","power":2,"id":925691912,"toughness":7,"deathEffect":"Gain_Life","type":"class Interface.Cards.CreatureCard"},{"etbEffect":"Taunt","cost":6,"imageID":1,"name":"Minion","power":1,"id":1532782961,"toughness":5,"deathEffect":"Gain_Life","type":"class Interface.Cards.CreatureCard"},{"etbEffect":"Buff_Power","cost":2,"imageID":13,"name":"Minion","power":1,"id":545553107,"toughness":6,"deathEffect":"NONE","type":"class Interface.Cards.CreatureCard"}]}