{"playerCards":[{"cost":4,"imageID":999,"effect":DRAW_CARD,"name":"Spell","id":1847549354,"type":"class Interface.Cards.SpellCard"},{"cost":2,"imageID":666,"effect":DEAL_DAMAGE,"name":"Spell","id":1393912252,"type":"class Interface.Cards.SpellCard"},{"cost":1,"imageID":999,"effect":DRAW_CARD,"name":"Spell","id":1977125052,"type":"class Interface.Cards.SpellCard"},{"etbEffect":"Buff_Power","cost":1,"imageID":13,"name":"Minion","power":1,"id":80670034,"toughness":5,"deathEffect":"Gain_Life","type":"class Interface.Cards.CreatureCard"},{"etbEffect":"Buff_Power","cost":1,"imageID":16,"name":"Minion","power":2,"id":72323377,"toughness":1,"deathEffect":"NONE","type":"class Interface.Cards.CreatureCard"},{"etbEffect":"Buff_Power","cost":4,"imageID":20,"name":"Minion","power":6,"id":1478157604,"toughness":2,"deathEffect":"Gain_Life","type":"class Interface.Cards.CreatureCard"},{"etbEffect":"NONE","cost":7,"imageID":4,"name":"Minion","power":2,"id":117697325,"toughness":3,"deathEffect":"Gain_Life","type":"class Interface.Cards.CreatureCard"},{"etbEffect":"Buff_Power","cost":6,"imageID":15,"name":"Minion","power":7,"id":898609580,"toughness":2,"deathEffect":"Gain_Life","type":"class Interface.Cards.CreatureCard"},{"cost":1,"imageID":999,"effect":DRAW_CARD,"name":"Spell","id":530327380,"type":"class Interface.Cards.SpellCard"},{"etbEffect":"Taunt","cost":5,"imageID":3,"name":"Minion","power":6,"id":1396065617,"toughness":1,"deathEffect":"NONE","type":"class Interface.Cards.CreatureCard"},{"etbEffect":"NONE","cost":1,"imageID":33,"name":"Minion","power":6,"id":1120241745,"toughness":3,"deathEffect":"NONE","type":"class Interface.Cards.CreatureCard"},{"etbEffect":"Taunt","cost":6,"imageID":15,"name":"Minion","power":2,"id":1685978488,"toughness":4,"deathEffect":"Gain_Life","type":"class Interface.Cards.CreatureCard"},{"etbEffect":"Taunt","cost":4,"imageID":25,"name":"Minion","power":1,"id":1440903832,"toughness":2,"deathEffect":"Gain_Life","type":"class Interface.Cards.CreatureCard"},{"etbEffect":"Taunt","cost":1,"imageID":2,"name":"Minion","power":5,"id":222524448,"toughness":5,"deathEffect":"NONE","type":"class Interface.Cards.CreatureCard"},{"cost":6,"imageID":666,"effect":DEAL_DAMAGE,"name":"Spell","id":992250443,"type":"class Interface.Cards.SpellCard"},{"etbEffect":"Buff_Power","cost":7,"imageID":39,"name":"Minion","power":2,"id":544560998,"toughness":3,"deathEffect":"Gain_Life","type":"class Interface.Cards.CreatureCard"},{"etbEffect":"NONE","cost":4,"imageID":21,"name":"Minion","power":1,"id":1676563620,"toughness":5,"deathEffect":"Gain_Life","type":"class Interface.Cards.CreatureCard"},{"etbEffect":"Taunt","cost":2,"imageID":19,"name":"Minion","power":7,"id":1528222421,"toughness":5,"deathEffect":"Gain_Life","type":"class Interface.Cards.CreatureCard"},{"etbEffect":"Taunt","cost":1,"imageID":37,"name":"Minion","power":5,"id":1300563409,"toughness":1,"deathEffect":"Gain_Life","type":"class Interface.Cards.CreatureCard"},{"etbEffect":"Taunt","cost":5,"imageID":4,"name":"Minion","power":6,"id":426073721,"toughness":2,"deathEffect":"Gain_Life","type":"class Interface.Cards.CreatureCard"},{"etbEffect":"Taunt","cost":3,"imageID":8,"name":"Minion","power":2,"id":1495496897,"toughness":6,"deathEffect":"Gain_Life","type":"class Interface.Cards.CreatureCard"},{"cost":6,"imageID":666,"effect":DEAL_DAMAGE,"name":"Spell","id":190708036,"type":"class Interface.Cards.SpellCard"},{"etbEffect":"NONE","cost":1,"imageID":44,"name":"Minion","power":3,"id":442209221,"toughness":6,"deathEffect":"Gain_Life","type":"class Interface.Cards.CreatureCard"},{"etbEffect":"Taunt","cost":1,"imageID":39,"name":"Minion","power":6,"id":655641345,"toughness":7,"deathEffect":"NONE","type":"class Interface.Cards.CreatureCard"},{"etbEffect":"Buff_Power","cost":2,"imageID":29,"name":"Minion","power":1,"id":2029126586,"toughness":1,"deathEffect":"Gain_Life","type":"class Interface.Cards.CreatureCard"},{"etbEffect":"Taunt","cost":2,"imageID":33,"name":"Minion","power":4,"id":912802867,"toughness":1,"deathEffect":"NONE","type":"class Interface.Cards.CreatureCard"},{"etbEffect":"NONE","cost":6,"imageID":36,"name":"Minion","power":1,"id":941425029,"toughness":7,"deathEffect":"NONE","type":"class Interface.Cards.CreatureCard"},{"cost":5,"imageID":999,"effect":DRAW_CARD,"name":"Spell","id":555687169,"type":"class Interface.Cards.SpellCard"},{"cost":5,"imageID":999,"effect":DRAW_CARD,"name":"Spell","id":1048416584,"type":"class Interface.Cards.SpellCard"},{"etbEffect":"Buff_Power","cost":5,"imageID":24,"name":"Minion","power":4,"id":995796055,"toughness":6,"deathEffect":"Gain_Life","type":"class Interface.Cards.CreatureCard"},{"etbEffect":"Buff_Power","cost":7,"imageID":20,"name":"Minion","power":3,"id":439573108,"toughness":5,"deathEffect":"NONE","type":"class Interface.Cards.CreatureCard"},{"etbEffect":"NONE","cost":7,"imageID":21,"name":"Minion","power":7,"id":777957124,"toughness":3,"deathEffect":"NONE","type":"class Interface.Cards.CreatureCard"},{"cost":2,"imageID":999,"effect":DRAW_CARD,"name":"Spell","id":429373714,"type":"class Interface.Cards.SpellCard"},{"etbEffect":"NONE","cost":3,"imageID":16,"name":"Minion","power":4,"id":1183078492,"toughness":6,"deathEffect":"NONE","type":"class Interface.Cards.CreatureCard"},{"etbEffect":"NONE","cost":2,"imageID":23,"name":"Minion","power":7,"id":1621088456,"toughness":7,"deathEffect":"NONE","type":"class Interface.Cards.CreatureCard"},{"etbEffect":"Buff_Power","cost":1,"imageID":31,"name":"Minion","power":2,"id":1913986682,"toughness":7,"deathEffect":"NONE","type":"class Interface.Cards.CreatureCard"},{"cost":2,"imageID":666,"effect":DEAL_DAMAGE,"name":"Spell","id":699827942,"type":"class Interface.Cards.SpellCard"},{"etbEffect":"NONE","cost":3,"imageID":24,"name":"Minion","power":5,"id":1130541171,"toughness":2,"deathEffect":"NONE","type":"class Interface.Cards.CreatureCard"},{"cost":2,"imageID":999,"effect":DRAW_CARD,"name":"Spell","id":1009135804,"type":"class Interface.Cards.SpellCard"},{"cost":4,"imageID":999,"effect":DRAW_CARD,"name":"Spell","id":2092866381,"type":"class Interface.Cards.SpellCard"},{"etbEffect":"Taunt","cost":1,"imageID":12,"name":"Minion","power":1,"id":1061703770,"toughness":2,"deathEffect":"Gain_Life","type":"class Interface.Cards.CreatureCard"},{"etbEffect":"Buff_Power","cost":3,"imageID":38,"name":"Minion","power":2,"id":1788522134,"toughness":5,"deathEffect":"Gain_Life","type":"class Interface.Cards.CreatureCard"},{"cost":7,"imageID":999,"effect":DRAW_CARD,"name":"Spell","id":542495842,"type":"class Interface.Cards.SpellCard"},{"cost":3,"imageID":999,"effect":DRAW_CARD,"name":"Spell","id":1549426876,"type":"class Interface.Cards.SpellCard"},{"etbEffect":"Taunt","cost":5,"imageID":12,"name":"Minion","power":3,"id":1831038746,"toughness":4,"deathEffect":"Gain_Life","type":"class Interface.Cards.CreatureCard"},{"cost":6,"imageID":999,"effect":DRAW_CARD,"name":"Spell","id":344790696,"type":"class Interface.Cards.SpellCard"},{"cost":1,"imageID":666,"effect":DEAL_DAMAGE,"name":"Spell","id":245356833,"type":"class Interface.Cards.SpellCard"},{"etbEffect":"NONE","cost":6,"imageID":15,"name":"Minion","power":7,"id":1721714741,"toughness":5,"deathEffect":"NONE","type":"class Interface.Cards.CreatureCard"},{"etbEffect":"Taunt","cost":7,"imageID":2,"name":"Minion","power":1,"id":2041443534,"toughness":1,"deathEffect":"Gain_Life","type":"class Interface.Cards.CreatureCard"},{"etbEffect":"Taunt","cost":7,"imageID":26,"name":"Minion","power":7,"id":2084235086,"toughness":6,"deathEffect":"NONE","type":"class Interface.Cards.CreatureCard"},{"cost":6,"imageID":999,"effect":DRAW_CARD,"name":"Spell","id":1403773517,"type":"class Interface.Cards.SpellCard"},{"cost":3,"imageID":666,"effect":DEAL_DAMAGE,"name":"Spell","id":874848555,"type":"class Interface.Cards.SpellCard"},{"cost":6,"imageID":999,"effect":DRAW_CARD,"name":"Spell","id":860681997,"type":"class Interface.Cards.SpellCard"},{"etbEffect":"Buff_Power","cost":4,"imageID":32,"name":"Minion","power":6,"id":1740854181,"toughness":1,"deathEffect":"Gain_Life","type":"class Interface.Cards.CreatureCard"},{"etbEffect":"Taunt","cost":2,"imageID":20,"name":"Minion","power":2,"id":1363881502,"toughness":5,"deathEffect":"Gain_Life","type":"class Interface.Cards.CreatureCard"},{"etbEffect":"Taunt","cost":3,"imageID":25,"name":"Minion","power":7,"id":281651441,"toughness":3,"deathEffect":"NONE","type":"class Interface.Cards.CreatureCard"},{"etbEffect":"NONE","cost":2,"imageID":6,"name":"Minion","power":1,"id":1443278838,"toughness":5,"deathEffect":"NONE","type":"class Interface.Cards.CreatureCard"},{"etbEffect":"Taunt","cost":6,"imageID":16,"name":"Minion","power":6,"id":1565943655,"toughness":5,"deathEffect":"NONE","type":"class Interface.Cards.CreatureCard"},{"etbEffect":"Buff_Power","cost":5,"imageID":30,"name":"Minion","power":6,"id":1311535626,"toughness":5,"deathEffect":"Gain_Life","type":"class Interface.Cards.CreatureCard"},{"etbEffect":"Buff_Power","cost":4,"imageID":2,"name":"Minion","power":1,"id":739444774,"toughness":7,"deathEffect":"Gain_Life","type":"class Interface.Cards.CreatureCard"}]}