{"playerCards":[{"etbEffect":"Buff_Power","cost":5,"imageID":17,"name":"Minion","power":2,"id":36495869,"toughness":6,"deathEffect":"Gain_Life","type":"class Interface.Cards.CreatureCard"},{"etbEffect":"NONE","cost":6,"imageID":20,"name":"Minion","power":4,"id":30372222,"toughness":1,"deathEffect":"NONE","type":"class Interface.Cards.CreatureCard"},{"cost":6,"imageID":666,"effect":DEAL_DAMAGE,"name":"Spell","id":1847292546,"type":"class Interface.Cards.SpellCard"},{"etbEffect":"Buff_Power","cost":6,"imageID":25,"name":"Minion","power":6,"id":179012314,"toughness":4,"deathEffect":"NONE","type":"class Interface.Cards.CreatureCard"},{"etbEffect":"Buff_Power","cost":7,"imageID":19,"name":"Minion","power":4,"id":200949424,"toughness":5,"deathEffect":"Gain_Life","type":"class Interface.Cards.CreatureCard"},{"cost":4,"imageID":999,"effect":DRAW_CARD,"name":"Spell","id":156741179,"type":"class Interface.Cards.SpellCard"},{"etbEffect":"Buff_Power","cost":2,"imageID":32,"name":"Minion","power":6,"id":922783764,"toughness":4,"deathEffect":"NONE","type":"class Interface.Cards.CreatureCard"},{"cost":3,"imageID":666,"effect":DEAL_DAMAGE,"name":"Spell","id":1636899613,"type":"class Interface.Cards.SpellCard"},{"cost":7,"imageID":666,"effect":DEAL_DAMAGE,"name":"Spell","id":911741100,"type":"class Interface.Cards.SpellCard"},{"etbEffect":"NONE","cost":5,"imageID":23,"name":"Minion","power":3,"id":1447888189,"toughness":4,"deathEffect":"Gain_Life","type":"class Interface.Cards.CreatureCard"},{"etbEffect":"NONE","cost":3,"imageID":18,"name":"Minion","power":4,"id":397702849,"toughness":7,"deathEffect":"Gain_Life","type":"class Interface.Cards.CreatureCard"},{"etbEffect":"Buff_Power","cost":2,"imageID":25,"name":"Minion","power":6,"id":1448959,"toughness":6,"deathEffect":"Gain_Life","type":"class Interface.Cards.CreatureCard"},{"etbEffect":"NONE","cost":6,"imageID":36,"name":"Minion","power":1,"id":885988031,"toughness":7,"deathEffect":"NONE","type":"class Interface.Cards.CreatureCard"},{"etbEffect":"Buff_Power","cost":5,"imageID":40,"name":"Minion","power":3,"id":1092608552,"toughness":3,"deathEffect":"Gain_Life","type":"class Interface.Cards.CreatureCard"},{"cost":2,"imageID":999,"effect":DRAW_CARD,"name":"Spell","id":1354743277,"type":"class Interface.Cards.SpellCard"},{"etbEffect":"Buff_Power","cost":7,"imageID":32,"name":"Minion","power":7,"id":1390290934,"toughness":7,"deathEffect":"NONE","type":"class Interface.Cards.CreatureCard"},{"cost":5,"imageID":999,"effect":DRAW_CARD,"name":"Spell","id":1915360870,"type":"class Interface.Cards.SpellCard"},{"cost":1,"imageID":999,"effect":DRAW_CARD,"name":"Spell","id":395964284,"type":"class Interface.Cards.SpellCard"},{"etbEffect":"NONE","cost":7,"imageID":1,"name":"Minion","power":2,"id":532778057,"toughness":2,"deathEffect":"NONE","type":"class Interface.Cards.CreatureCard"},{"etbEffect":"NONE","cost":2,"imageID":11,"name":"Minion","power":1,"id":2109533257,"toughness":6,"deathEffect":"Gain_Life","type":"class Interface.Cards.CreatureCard"},{"cost":1,"imageID":999,"effect":DRAW_CARD,"name":"Spell","id":193250079,"type":"class Interface.Cards.SpellCard"},{"etbEffect":"Taunt","cost":5,"imageID":5,"name":"Minion","power":3,"id":283064600,"toughness":3,"deathEffect":"NONE","type":"class Interface.Cards.CreatureCard"},{"etbEffect":"Taunt","cost":1,"imageID":38,"name":"Minion","power":6,"id":179272743,"toughness":7,"deathEffect":"Gain_Life","type":"class Interface.Cards.CreatureCard"},{"cost":1,"imageID":666,"effect":DEAL_DAMAGE,"name":"Spell","id":458557415,"type":"class Interface.Cards.SpellCard"},{"etbEffect":"NONE","cost":1,"imageID":45,"name":"Minion","power":4,"id":1202098666,"toughness":1,"deathEffect":"Gain_Life","type":"class Interface.Cards.CreatureCard"},{"etbEffect":"Buff_Power","cost":2,"imageID":12,"name":"Minion","power":6,"id":1882961463,"toughness":1,"deathEffect":"Gain_Life","type":"class Interface.Cards.CreatureCard"},{"etbEffect":"Buff_Power","cost":5,"imageID":17,"name":"Minion","power":5,"id":1041142382,"toughness":4,"deathEffect":"Gain_Life","type":"class Interface.Cards.CreatureCard"},{"etbEffect":"Taunt","cost":5,"imageID":13,"name":"Minion","power":1,"id":367589185,"toughness":7,"deathEffect":"NONE","type":"class Interface.Cards.CreatureCard"},{"etbEffect":"Buff_Power","cost":5,"imageID":44,"name":"Minion","power":2,"id":457757859,"toughness":2,"deathEffect":"Gain_Life","type":"class Interface.Cards.CreatureCard"},{"etbEffect":"Taunt","cost":5,"imageID":24,"name":"Minion","power":2,"id":1748197829,"toughness":5,"deathEffect":"Gain_Life","type":"class Interface.Cards.CreatureCard"},{"etbEffect":"NONE","cost":3,"imageID":40,"name":"Minion","power":7,"id":1819019480,"toughness":4,"deathEffect":"Gain_Life","type":"class Interface.Cards.CreatureCard"},{"etbEffect":"Taunt","cost":3,"imageID":13,"name":"Minion","power":5,"id":491223498,"toughness":1,"deathEffect":"Gain_Life","type":"class Interface.Cards.CreatureCard"},{"cost":7,"imageID":999,"effect":DRAW_CARD,"name":"Spell","id":618267869,"type":"class Interface.Cards.SpellCard"},{"cost":3,"imageID":999,"effect":DRAW_CARD,"name":"Spell","id":720426954,"type":"class Interface.Cards.SpellCard"},{"etbEffect":"Taunt","cost":4,"imageID":15,"name":"Minion","power":5,"id":2019076217,"toughness":5,"deathEffect":"Gain_Life","type":"class Interface.Cards.CreatureCard"},{"cost":1,"imageID":999,"effect":DRAW_CARD,"name":"Spell","id":355293994,"type":"class Interface.Cards.SpellCard"},{"etbEffect":"NONE","cost":1,"imageID":43,"name":"Minion","power":7,"id":691911933,"toughness":4,"deathEffect":"NONE","type":"class Interface.Cards.CreatureCard"},{"etbEffect":"NONE","cost":1,"imageID":15,"name":"Minion","power":4,"id":1695266236,"toughness":3,"deathEffect":"NONE","type":"class Interface.Cards.CreatureCard"},{"cost":3,"imageID":666,"effect":DEAL_DAMAGE,"name":"Spell","id":1392592473,"type":"class Interface.Cards.SpellCard"},{"etbEffect":"Buff_Power","cost":5,"imageID":26,"name":"Minion","power":5,"id":725970307,"toughness":5,"deathEffect":"NONE","type":"class Interface.Cards.CreatureCard"},{"etbEffect":"Taunt","cost":5,"imageID":42,"name":"Minion","power":4,"id":567790023,"toughness":5,"deathEffect":"NONE","type":"class Interface.Cards.CreatureCard"},{"cost":4,"imageID":666,"effect":DEAL_DAMAGE,"name":"Spell","id":1816423030,"type":"class Interface.Cards.SpellCard"},{"etbEffect":"NONE","cost":3,"imageID":31,"name":"Minion","power":7,"id":1217356694,"toughness":6,"deathEffect":"Gain_Life","type":"class Interface.Cards.CreatureCard"},{"etbEffect":"Taunt","cost":5,"imageID":42,"name":"Minion","power":4,"id":1567221296,"toughness":7,"deathEffect":"NONE","type":"class Interface.Cards.CreatureCard"},{"etbEffect":"NONE","cost":1,"imageID":25,"name":"Minion","power":1,"id":839164411,"toughness":5,"deathEffect":"Gain_Life","type":"class Interface.Cards.CreatureCard"},{"etbEffect":"NONE","cost":6,"imageID":37,"name":"Minion","power":3,"id":1579583184,"toughness":5,"deathEffect":"NONE","type":"class Interface.Cards.CreatureCard"},{"etbEffect":"Taunt","cost":6,"imageID":5,"name":"Minion","power":4,"id":126403772,"toughness":5,"deathEffect":"Gain_Life","type":"class Interface.Cards.CreatureCard"},{"etbEffect":"Taunt","cost":2,"imageID":38,"name":"Minion","power":5,"id":453127955,"toughness":4,"deathEffect":"NONE","type":"class Interface.Cards.CreatureCard"},{"etbEffect":"Taunt","cost":7,"imageID":19,"name":"Minion","power":2,"id":1480459372,"toughness":2,"deathEffect":"NONE","type":"class Interface.Cards.CreatureCard"},{"etbEffect":"Taunt","cost":1,"imageID":15,"name":"Minion","power":3,"id":1992311618,"toughness":1,"deathEffect":"NONE","type":"class Interface.Cards.CreatureCard"},{"etbEffect":"Taunt","cost":5,"imageID":16,"name":"Minion","power":2,"id":638004325,"toughness":2,"deathEffect":"NONE","type":"class Interface.Cards.CreatureCard"},{"cost":7,"imageID":999,"effect":DRAW_CARD,"name":"Spell","id":1407730717,"type":"class Interface.Cards.SpellCard"},{"etbEffect":"NONE","cost":4,"imageID":44,"name":"Minion","power":7,"id":100532365,"toughness":4,"deathEffect":"NONE","type":"class Interface.Cards.CreatureCard"},{"etbEffect":"Taunt","cost":2,"imageID":31,"name":"Minion","power":3,"id":852448690,"toughness":1,"deathEffect":"Gain_Life","type":"class Interface.Cards.CreatureCard"},{"cost":1,"imageID":666,"effect":DEAL_DAMAGE,"name":"Spell","id":508344288,"type":"class Interface.Cards.SpellCard"},{"cost":3,"imageID":999,"effect":DRAW_CARD,"name":"Spell","id":1627711207,"type":"class Interface.Cards.SpellCard"},{"etbEffect":"Buff_Power","cost":2,"imageID":27,"name":"Minion","power":1,"id":1502528456,"toughness":7,"deathEffect":"NONE","type":"class Interface.Cards.CreatureCard"},{"cost":2,"imageID":999,"effect":DRAW_CARD,"name":"Spell","id":1754784280,"type":"class Interface.Cards.SpellCard"},{"etbEffect":"Taunt","cost":7,"imageID":9,"name":"Minion","power":6,"id":1876421626,"toughness":2,"deathEffect":"NONE","type":"class Interface.Cards.CreatureCard"},{"cost":1,"imageID":999,"effect":DRAW_CARD,"name":"Spell","id":1802913434,"type":"class Interface.Cards.SpellCard"}]}